"","ONTOLOGY","ID","Description","setSize","enrichmentScore","NES","pvalue","p.adjust","qvalues","rank","leading_edge","core_enrichment"
"GO:0070647","BP","GO:0070647","protein modification by small protein conjugation or removal",17,-0.585876228457453,-2.02576712481167,0.000563838058405863,0.000563838058405863,0.849747456923689,370,"tags=41%, list=7%, signal=39%","ENSMUSG00000041560/ENSMUSG00000035692/ENSMUSG00000029475/ENSMUSG00000037868/ENSMUSG00000063851/ENSMUSG00000063760/ENSMUSG00000038451"
"GO:0030902","BP","GO:0030902","hindbrain development",4,-0.887228744219139,-1.87984234101065,0.000680588640872638,0.000680588640872638,0.849747456923689,639,"tags=100%, list=11%, signal=89%","ENSMUSG00000034486/ENSMUSG00000029475/ENSMUSG00000037868"
"GO:0030315","CC","GO:0030315","T-tubule",4,0.880664826717826,1.72201147036389,0.00214377633590428,0.00214377633590428,0.849747456923689,393,"tags=75%, list=7%, signal=70%","ENSMUSG00000032034/ENSMUSG00000032601/ENSMUSG00000021253"
"GO:0045921","BP","GO:0045921","positive regulation of exocytosis",4,-0.855263120243981,-1.81211422264562,0.00220365548047501,0.00220365548047501,0.849747456923689,487,"tags=75%, list=9%, signal=69%","ENSMUSG00000026241/ENSMUSG00000034584/ENSMUSG00000024261"
"GO:0042383","CC","GO:0042383","sarcolemma",5,0.840441042055918,1.75112163889101,0.00256789493261752,0.00256789493261752,0.849747456923689,393,"tags=60%, list=7%, signal=56%","ENSMUSG00000032034/ENSMUSG00000032601/ENSMUSG00000021253"
"GO:0032446","BP","GO:0032446","protein modification by small protein conjugation",16,-0.561263686025091,-1.92168073626245,0.00289322732051658,0.00289322732051658,0.849747456923689,365,"tags=38%, list=6%, signal=35%","ENSMUSG00000035692/ENSMUSG00000029475/ENSMUSG00000037868/ENSMUSG00000063851/ENSMUSG00000063760/ENSMUSG00000038451"
"GO:0045333","BP","GO:0045333","cellular respiration",6,-0.788180193722248,-1.96235430354205,0.00304016644109347,0.00304016644109347,0.849747456923689,420,"tags=67%, list=7%, signal=62%","ENSMUSG00000009876/ENSMUSG00000041560/ENSMUSG00000019992/ENSMUSG00000028341"
"GO:0031090","CC","GO:0031090","organelle membrane",37,-0.391482925868406,-1.7092485143937,0.00480872099429485,0.00480872099429485,0.849747456923689,733,"tags=38%, list=13%, signal=33%","ENSMUSG00000117975/ENSMUSG00000055069/ENSMUSG00000034112/ENSMUSG00000025496/ENSMUSG00000020715/ENSMUSG00000009876/ENSMUSG00000037161/ENSMUSG00000031662/ENSMUSG00000024261/ENSMUSG00000059479/ENSMUSG00000010830/ENSMUSG00000032487/ENSMUSG00000063851/ENSMUSG00000052504"
"GO:0048738","BP","GO:0048738","cardiac muscle tissue development",14,0.641975597614025,1.77919413406275,0.00579954059298544,0.00579954059298544,0.849747456923689,374,"tags=29%, list=7%, signal=27%","ENSMUSG00000029026/ENSMUSG00000031074/ENSMUSG00000079243/ENSMUSG00000030022"
"GO:0009060","BP","GO:0009060","aerobic respiration",4,-0.82424044710965,-1.7463840094743,0.0062006589329765,0.0062006589329765,0.849747456923689,420,"tags=75%, list=7%, signal=69%","ENSMUSG00000009876/ENSMUSG00000041560/ENSMUSG00000019992"
"GO:0019866","CC","GO:0019866","organelle inner membrane",4,-0.822487414250319,-1.74266971886365,0.00645374322542529,0.00645374322542529,0.849747456923689,446,"tags=75%, list=8%, signal=69%","ENSMUSG00000020715/ENSMUSG00000009876/ENSMUSG00000032487"
"GO:0008375","MF","GO:0008375","acetylglucosaminyltransferase activity",3,-0.892991975256479,-1.72505512766907,0.00656166685060475,0.00656166685060475,0.849747456923689,286,"tags=100%, list=5%, signal=95%","ENSMUSG00000059479/ENSMUSG00000031286"
"GO:0031965","CC","GO:0031965","nuclear membrane",7,-0.722978249167496,-1.90643421253765,0.0070610065670822,0.0070610065670822,0.849747456923689,733,"tags=57%, list=13%, signal=50%","ENSMUSG00000117975/ENSMUSG00000020715/ENSMUSG00000032487/ENSMUSG00000052504"
"GO:0098588","CC","GO:0098588","bounding membrane of organelle",20,-0.48126180760214,-1.77784188303756,0.00710840327527975,0.00710840327527975,0.849747456923689,733,"tags=50%, list=13%, signal=44%","ENSMUSG00000117975/ENSMUSG00000055069/ENSMUSG00000034112/ENSMUSG00000037161/ENSMUSG00000031662/ENSMUSG00000024261/ENSMUSG00000059479/ENSMUSG00000010830/ENSMUSG00000032487/ENSMUSG00000063851"
"GO:0048018","MF","GO:0048018","receptor ligand activity",33,0.500619769303629,1.6927786590075,0.00731596009676474,0.00731596009676474,0.849747456923689,1352,"tags=45%, list=24%, signal=35%","ENSMUSG00000079036/ENSMUSG00000031074/ENSMUSG00000046500/ENSMUSG00000021253/ENSMUSG00000029378/ENSMUSG00000021943/ENSMUSG00000021732/ENSMUSG00000041324/ENSMUSG00000005892/ENSMUSG00000027204/ENSMUSG00000022144/ENSMUSG00000014813/ENSMUSG00000021647/ENSMUSG00000023951/ENSMUSG00000027859"
"GO:0060627","BP","GO:0060627","regulation of vesicle-mediated transport",12,-0.576641259514428,-1.78494632845885,0.00743825835308168,0.00743825835308168,0.849747456923689,490,"tags=50%, list=9%, signal=46%","ENSMUSG00000025496/ENSMUSG00000026241/ENSMUSG00000034584/ENSMUSG00000024261/ENSMUSG00000052504/ENSMUSG00000045613"
"GO:0014706","BP","GO:0014706","striated muscle tissue development",28,0.510505602656968,1.68933517078087,0.00767435036440681,0.00767435036440681,0.849747456923689,610,"tags=25%, list=11%, signal=22%","ENSMUSG00000029026/ENSMUSG00000031074/ENSMUSG00000079243/ENSMUSG00000034460/ENSMUSG00000019817/ENSMUSG00000030022/ENSMUSG00000008855"
"GO:0006887","BP","GO:0006887","exocytosis",11,-0.608409300879076,-1.86525729001499,0.00835107015103187,0.00835107015103187,0.849747456923689,490,"tags=55%, list=9%, signal=50%","ENSMUSG00000025496/ENSMUSG00000026241/ENSMUSG00000034584/ENSMUSG00000024261/ENSMUSG00000028341/ENSMUSG00000045613"
"GO:0098772","MF","GO:0098772","molecular function regulator",64,0.418655490168865,1.61651131829125,0.00847718233241924,0.00847718233241924,0.849747456923689,1357,"tags=38%, list=24%, signal=29%","ENSMUSG00000079036/ENSMUSG00000031074/ENSMUSG00000046500/ENSMUSG00000032601/ENSMUSG00000042473/ENSMUSG00000021253/ENSMUSG00000029378/ENSMUSG00000027315/ENSMUSG00000021943/ENSMUSG00000046717/ENSMUSG00000074625/ENSMUSG00000029174/ENSMUSG00000021732/ENSMUSG00000048458/ENSMUSG00000041324/ENSMUSG00000005892/ENSMUSG00000027204/ENSMUSG00000022144/ENSMUSG00000066406/ENSMUSG00000014813/ENSMUSG00000021647/ENSMUSG00000023951/ENSMUSG00000027859/ENSMUSG00000041112"
"GO:0030546","MF","GO:0030546","signaling receptor activator activity",34,0.494459528575219,1.68561989514687,0.00882891328498006,0.00882891328498006,0.849747456923689,1352,"tags=44%, list=24%, signal=34%","ENSMUSG00000079036/ENSMUSG00000031074/ENSMUSG00000046500/ENSMUSG00000021253/ENSMUSG00000029378/ENSMUSG00000021943/ENSMUSG00000021732/ENSMUSG00000041324/ENSMUSG00000005892/ENSMUSG00000027204/ENSMUSG00000022144/ENSMUSG00000014813/ENSMUSG00000021647/ENSMUSG00000023951/ENSMUSG00000027859"
"GO:0099094","MF","GO:0099094","ligand-gated cation channel activity",4,0.826223643520649,1.61555968634623,0.0090566385141855,0.0090566385141855,0.849747456923689,2,"tags=25%, list=0%, signal=25%","ENSMUSG00000032034"
"GO:0030545","MF","GO:0030545","signaling receptor regulator activity",35,0.486403300915263,1.67394475489016,0.00952200425264849,0.00952200425264849,0.849747456923689,1352,"tags=43%, list=24%, signal=33%","ENSMUSG00000079036/ENSMUSG00000031074/ENSMUSG00000046500/ENSMUSG00000021253/ENSMUSG00000029378/ENSMUSG00000021943/ENSMUSG00000021732/ENSMUSG00000041324/ENSMUSG00000005892/ENSMUSG00000027204/ENSMUSG00000022144/ENSMUSG00000014813/ENSMUSG00000021647/ENSMUSG00000023951/ENSMUSG00000027859"
"GO:0010469","BP","GO:0010469","regulation of signaling receptor activity",4,0.822576782248007,1.60842878165719,0.00984990719955181,0.00984990719955181,0.849747456923689,513,"tags=50%, list=9%, signal=45%","ENSMUSG00000046500/ENSMUSG00000029378"
"GO:0060537","BP","GO:0060537","muscle tissue development",29,0.503527771792457,1.67236193851745,0.0103699237663761,0.0103699237663761,0.849747456923689,610,"tags=24%, list=11%, signal=22%","ENSMUSG00000029026/ENSMUSG00000031074/ENSMUSG00000079243/ENSMUSG00000034460/ENSMUSG00000019817/ENSMUSG00000030022/ENSMUSG00000008855"
"GO:0051093","BP","GO:0051093","negative regulation of developmental process",47,0.452379810057082,1.64807327427749,0.0108617164740959,0.0108617164740959,0.849747456923689,1399,"tags=45%, list=25%, signal=34%","ENSMUSG00000029026/ENSMUSG00000031074/ENSMUSG00000034460/ENSMUSG00000030022/ENSMUSG00000071757/ENSMUSG00000029378/ENSMUSG00000022893/ENSMUSG00000021943/ENSMUSG00000008855/ENSMUSG00000021732/ENSMUSG00000001627/ENSMUSG00000021743/ENSMUSG00000041324/ENSMUSG00000044317/ENSMUSG00000027204/ENSMUSG00000040152/ENSMUSG00000021647/ENSMUSG00000007805/ENSMUSG00000023951/ENSMUSG00000045493/ENSMUSG00000036192"
"GO:0009887","BP","GO:0009887","animal organ morphogenesis",58,0.436082203306984,1.65166345739335,0.0120979232486282,0.0120979232486282,0.849747456923689,1406,"tags=43%, list=25%, signal=33%","ENSMUSG00000031074/ENSMUSG00000026147/ENSMUSG00000079243/ENSMUSG00000034460/ENSMUSG00000058159/ENSMUSG00000021253/ENSMUSG00000071757/ENSMUSG00000015134/ENSMUSG00000075707/ENSMUSG00000029378/ENSMUSG00000022893/ENSMUSG00000037188/ENSMUSG00000026109/ENSMUSG00000021732/ENSMUSG00000041324/ENSMUSG00000021055/ENSMUSG00000022144/ENSMUSG00000040152/ENSMUSG00000014813/ENSMUSG00000007805/ENSMUSG00000042961/ENSMUSG00000023951/ENSMUSG00000045493/ENSMUSG00000036192/ENSMUSG00000039462"
"GO:0016567","BP","GO:0016567","protein ubiquitination",14,-0.542173260194989,-1.77585426328173,0.0121150574866398,0.0121150574866398,0.849747456923689,365,"tags=36%, list=6%, signal=33%","ENSMUSG00000035692/ENSMUSG00000029475/ENSMUSG00000063851/ENSMUSG00000063760/ENSMUSG00000038451"
"GO:0009986","CC","GO:0009986","cell surface",34,0.484080569775865,1.65023787006281,0.0126470679604429,0.0126470679604429,0.849747456923689,1783,"tags=56%, list=32%, signal=38%","ENSMUSG00000032034/ENSMUSG00000053216/ENSMUSG00000047953/ENSMUSG00000030022/ENSMUSG00000021253/ENSMUSG00000029378/ENSMUSG00000017652/ENSMUSG00000000263/ENSMUSG00000021732/ENSMUSG00000040152/ENSMUSG00000031861/ENSMUSG00000023951/ENSMUSG00000042604/ENSMUSG00000006445/ENSMUSG00000000555/ENSMUSG00000026814/ENSMUSG00000051136/ENSMUSG00000027568/ENSMUSG00000053846"
"GO:0048589","BP","GO:0048589","developmental growth",35,0.477176653552217,1.64219147951245,0.0129206790302934,0.0129206790302934,0.849747456923689,1352,"tags=40%, list=24%, signal=31%","ENSMUSG00000029026/ENSMUSG00000079036/ENSMUSG00000026147/ENSMUSG00000034460/ENSMUSG00000064145/ENSMUSG00000075707/ENSMUSG00000029378/ENSMUSG00000021732/ENSMUSG00000001627/ENSMUSG00000066406/ENSMUSG00000040152/ENSMUSG00000014813/ENSMUSG00000023951/ENSMUSG00000027859"
"GO:0005267","MF","GO:0005267","potassium channel activity",4,0.807430086142075,1.5788116292046,0.0139510790518256,0.0139510790518256,0.849747456923689,2,"tags=25%, list=0%, signal=25%","ENSMUSG00000032034"
"GO:0012505","CC","GO:0012505","endomembrane system",96,0.363512183348858,1.49052728120075,0.0144418652830931,0.0144418652830931,0.849747456923689,1381,"tags=38%, list=25%, signal=29%","ENSMUSG00000029026/ENSMUSG00000079036/ENSMUSG00000031074/ENSMUSG00000028661/ENSMUSG00000027977/ENSMUSG00000040297/ENSMUSG00000058626/ENSMUSG00000054702/ENSMUSG00000019817/ENSMUSG00000030022/ENSMUSG00000021253/ENSMUSG00000052544/ENSMUSG00000032776/ENSMUSG00000033849/ENSMUSG00000075707/ENSMUSG00000036480/ENSMUSG00000008855/ENSMUSG00000016982/ENSMUSG00000021263/ENSMUSG00000024172/ENSMUSG00000031684/ENSMUSG00000005892/ENSMUSG00000032908/ENSMUSG00000022144/ENSMUSG00000027225/ENSMUSG00000040152/ENSMUSG00000023945/ENSMUSG00000044461/ENSMUSG00000032860/ENSMUSG00000027068/ENSMUSG00000021647/ENSMUSG00000026354/ENSMUSG00000023951/ENSMUSG00000027859/ENSMUSG00000006179/ENSMUSG00000027313"
"GO:0045055","BP","GO:0045055","regulated exocytosis",9,-0.614887215167485,-1.76107186047175,0.0152715566702774,0.0152715566702774,0.849747456923689,490,"tags=56%, list=9%, signal=51%","ENSMUSG00000025496/ENSMUSG00000026241/ENSMUSG00000024261/ENSMUSG00000028341/ENSMUSG00000045613"
"GO:0004175","MF","GO:0004175","endopeptidase activity",11,0.667581515143227,1.74084129948187,0.0158885783295005,0.0158885783295005,0.849747456923689,551,"tags=45%, list=10%, signal=41%","ENSMUSG00000058626/ENSMUSG00000079343/ENSMUSG00000030022/ENSMUSG00000036480/ENSMUSG00000022893"
"GO:0017157","BP","GO:0017157","regulation of exocytosis",9,-0.60884101960472,-1.74375521344146,0.0160806342353661,0.0160806342353661,0.849747456923689,490,"tags=56%, list=9%, signal=51%","ENSMUSG00000025496/ENSMUSG00000026241/ENSMUSG00000034584/ENSMUSG00000024261/ENSMUSG00000045613"
"GO:0031349","BP","GO:0031349","positive regulation of defense response",8,-0.640057487748499,-1.75192792677372,0.0161344248581416,0.0161344248581416,0.849747456923689,338,"tags=38%, list=6%, signal=35%","ENSMUSG00000045573/ENSMUSG00000032487/ENSMUSG00000049709"
"GO:0015980","BP","GO:0015980","energy derivation by oxidation of organic compounds",10,-0.589346543154142,-1.75228032734169,0.0169262887688885,0.0169262887688885,0.849747456923689,420,"tags=90%, list=7%, signal=83%","ENSMUSG00000057722/ENSMUSG00000026525/ENSMUSG00000048482/ENSMUSG00000047259/ENSMUSG00000038894/ENSMUSG00000009876/ENSMUSG00000041560/ENSMUSG00000019992/ENSMUSG00000028341"
"GO:0015079","MF","GO:0015079","potassium ion transmembrane transporter activity",5,0.767247992960936,1.59861845821209,0.0175637469023421,0.0175637469023421,0.849747456923689,2,"tags=20%, list=0%, signal=20%","ENSMUSG00000032034"
"GO:0001764","BP","GO:0001764","neuron migration",5,0.76587795765878,1.5957638874051,0.0180691698705415,0.0180691698705415,0.849747456923689,1321,"tags=100%, list=23%, signal=77%","ENSMUSG00000079036/ENSMUSG00000026826/ENSMUSG00000021743/ENSMUSG00000021055/ENSMUSG00000023951"
"GO:0005244","MF","GO:0005244","voltage-gated ion channel activity",5,0.764009516157035,1.59187085008186,0.0190800164804029,0.0190800164804029,0.849747456923689,2,"tags=20%, list=0%, signal=20%","ENSMUSG00000032034"
"GO:0022832","MF","GO:0022832","voltage-gated channel activity",5,0.764009516157035,1.59187085008186,0.0190800164804029,0.0190800164804029,0.849747456923689,2,"tags=20%, list=0%, signal=20%","ENSMUSG00000032034"
"GO:0008083","MF","GO:0008083","growth factor activity",15,0.603090745421538,1.71020225655015,0.0191202161876071,0.0191202161876071,0.849747456923689,1352,"tags=60%, list=24%, signal=46%","ENSMUSG00000031074/ENSMUSG00000021253/ENSMUSG00000029378/ENSMUSG00000021943/ENSMUSG00000021732/ENSMUSG00000041324/ENSMUSG00000022144/ENSMUSG00000023951/ENSMUSG00000027859"
"GO:1990573","BP","GO:1990573","potassium ion import across plasma membrane",3,0.871323132694566,1.54668464520635,0.0191840187568017,0.0191840187568017,0.849747456923689,2,"tags=33%, list=0%, signal=33%","ENSMUSG00000032034"
"GO:0002831","BP","GO:0002831","regulation of response to biotic stimulus",11,-0.568575256626325,-1.74313433540883,0.0201206516015509,0.0201206516015509,0.849747456923689,531,"tags=45%, list=9%, signal=41%","ENSMUSG00000021125/ENSMUSG00000020227/ENSMUSG00000041560/ENSMUSG00000035692/ENSMUSG00000049709"
"GO:0006929","BP","GO:0006929","substrate-dependent cell migration",4,0.795592759505418,1.55566546550151,0.0208600105862148,0.0208600105862148,0.849747456923689,459,"tags=50%, list=8%, signal=46%","ENSMUSG00000028661/ENSMUSG00000032243"
"GO:0006928","BP","GO:0006928","movement of cell or subcellular component",85,0.369569343277424,1.48353340928687,0.0210485800187911,0.0210485800187911,0.849747456923689,1618,"tags=44%, list=29%, signal=31%","ENSMUSG00000032034/ENSMUSG00000079036/ENSMUSG00000031074/ENSMUSG00000028661/ENSMUSG00000046500/ENSMUSG00000034460/ENSMUSG00000030022/ENSMUSG00000032243/ENSMUSG00000036480/ENSMUSG00000022893/ENSMUSG00000046717/ENSMUSG00000008855/ENSMUSG00000026826/ENSMUSG00000087236/ENSMUSG00000047369/ENSMUSG00000017652/ENSMUSG00000025515/ENSMUSG00000022512/ENSMUSG00000026109/ENSMUSG00000021732/ENSMUSG00000021743/ENSMUSG00000021055/ENSMUSG00000022144/ENSMUSG00000027225/ENSMUSG00000040152/ENSMUSG00000032860/ENSMUSG00000014813/ENSMUSG00000007805/ENSMUSG00000023951/ENSMUSG00000041112/ENSMUSG00000029576/ENSMUSG00000027238/ENSMUSG00000017144/ENSMUSG00000006445/ENSMUSG00000000555/ENSMUSG00000026814/ENSMUSG00000027115"
"GO:0048538","BP","GO:0048538","thymus development",4,0.794186973503196,1.55291665625279,0.0216571978613465,0.0216571978613465,0.849747456923689,928,"tags=75%, list=16%, signal=63%","ENSMUSG00000031074/ENSMUSG00000034460/ENSMUSG00000021732"
"GO:0006304","BP","GO:0006304","DNA modification",3,0.862823206642714,1.53159643669163,0.0224963143836496,0.0224963143836496,0.849747456923689,20,"tags=33%, list=0%, signal=33%","ENSMUSG00000079036"
"GO:0044728","BP","GO:0044728","DNA methylation or demethylation",3,0.862823206642714,1.53159643669163,0.0224963143836496,0.0224963143836496,0.849747456923689,20,"tags=33%, list=0%, signal=33%","ENSMUSG00000079036"
"GO:0043627","BP","GO:0043627","response to estrogen",3,0.861815482358507,1.52980762652638,0.0227723393391242,0.0227723393391242,0.849747456923689,393,"tags=67%, list=7%, signal=62%","ENSMUSG00000037447/ENSMUSG00000021253"
"GO:0022843","MF","GO:0022843","voltage-gated cation channel activity",4,0.791806345833106,1.54826168647293,0.0229858441200792,0.0229858441200792,0.849747456923689,2,"tags=25%, list=0%, signal=25%","ENSMUSG00000032034"
"GO:0004674","MF","GO:0004674","protein serine/threonine kinase activity",16,-0.47614915544583,-1.63026164419799,0.023490406580541,0.023490406580541,0.849747456923689,1175,"tags=56%, list=21%, signal=45%","ENSMUSG00000038403/ENSMUSG00000020941/ENSMUSG00000028680/ENSMUSG00000061578/ENSMUSG00000020227/ENSMUSG00000020715/ENSMUSG00000037112/ENSMUSG00000024558/ENSMUSG00000089736"
"GO:0050878","BP","GO:0050878","regulation of body fluid levels",15,0.594117063793152,1.68475532225886,0.0235971417894823,0.0235971417894823,0.849747456923689,1321,"tags=60%, list=23%, signal=46%","ENSMUSG00000029026/ENSMUSG00000047953/ENSMUSG00000036480/ENSMUSG00000037188/ENSMUSG00000022512/ENSMUSG00000021732/ENSMUSG00000040152/ENSMUSG00000032860/ENSMUSG00000023951"
"GO:0098659","BP","GO:0098659","inorganic cation import across plasma membrane",6,0.729391763079586,1.61671236777204,0.0238629542168983,0.0238629542168983,0.849747456923689,2,"tags=17%, list=0%, signal=17%","ENSMUSG00000032034"
"GO:0099587","BP","GO:0099587","inorganic ion import across plasma membrane",6,0.729391763079586,1.61671236777204,0.0238629542168983,0.0238629542168983,0.849747456923689,2,"tags=17%, list=0%, signal=17%","ENSMUSG00000032034"
"GO:0045668","BP","GO:0045668","negative regulation of osteoblast differentiation",5,0.7520014232343,1.5668510922326,0.0243869717926072,0.0243869717926072,0.849747456923689,1399,"tags=100%, list=25%, signal=75%","ENSMUSG00000029378/ENSMUSG00000021943/ENSMUSG00000008855/ENSMUSG00000007805/ENSMUSG00000036192"
"GO:0045582","BP","GO:0045582","positive regulation of T cell differentiation",4,0.788361623588568,1.54152603513618,0.0248459502931243,0.0248459502931243,0.849747456923689,65,"tags=25%, list=1%, signal=25%","ENSMUSG00000053216"
"GO:0045621","BP","GO:0045621","positive regulation of lymphocyte differentiation",4,0.788361623588568,1.54152603513618,0.0248459502931243,0.0248459502931243,0.849747456923689,65,"tags=25%, list=1%, signal=25%","ENSMUSG00000053216"
"GO:0002275","BP","GO:0002275","myeloid cell activation involved in immune response",3,-0.830374612651886,-1.60409278373407,0.0271569858040773,0.0271569858040773,0.849747456923689,487,"tags=67%, list=9%, signal=61%","ENSMUSG00000026241/ENSMUSG00000028341"
"GO:0002279","BP","GO:0002279","mast cell activation involved in immune response",3,-0.830374612651886,-1.60409278373407,0.0271569858040773,0.0271569858040773,0.849747456923689,487,"tags=67%, list=9%, signal=61%","ENSMUSG00000026241/ENSMUSG00000028341"
"GO:0002448","BP","GO:0002448","mast cell mediated immunity",3,-0.830374612651886,-1.60409278373407,0.0271569858040773,0.0271569858040773,0.849747456923689,487,"tags=67%, list=9%, signal=61%","ENSMUSG00000026241/ENSMUSG00000028341"
"GO:0032418","BP","GO:0032418","lysosome localization",3,-0.830374612651886,-1.60409278373407,0.0271569858040773,0.0271569858040773,0.849747456923689,487,"tags=67%, list=9%, signal=61%","ENSMUSG00000026241/ENSMUSG00000028341"
"GO:0043299","BP","GO:0043299","leukocyte degranulation",3,-0.830374612651886,-1.60409278373407,0.0271569858040773,0.0271569858040773,0.849747456923689,487,"tags=67%, list=9%, signal=61%","ENSMUSG00000026241/ENSMUSG00000028341"
"GO:0043303","BP","GO:0043303","mast cell degranulation",3,-0.830374612651886,-1.60409278373407,0.0271569858040773,0.0271569858040773,0.849747456923689,487,"tags=67%, list=9%, signal=61%","ENSMUSG00000026241/ENSMUSG00000028341"
"GO:1903307","BP","GO:1903307","positive regulation of regulated secretory pathway",3,-0.828130668827516,-1.59975800032315,0.0271569858040773,0.0271569858040773,0.849747456923689,487,"tags=100%, list=9%, signal=91%","ENSMUSG00000026241/ENSMUSG00000024261"
"GO:2000027","BP","GO:2000027","regulation of animal organ morphogenesis",9,0.646659804331549,1.58726586395447,0.0272711662714932,0.0272711662714932,0.849747456923689,1321,"tags=67%, list=23%, signal=51%","ENSMUSG00000031074/ENSMUSG00000034460/ENSMUSG00000037188/ENSMUSG00000021732/ENSMUSG00000022144/ENSMUSG00000023951"
"GO:0071805","BP","GO:0071805","potassium ion transmembrane transport",6,0.714898272211888,1.58458723677376,0.0285783792002094,0.0285783792002094,0.849747456923689,2,"tags=17%, list=0%, signal=17%","ENSMUSG00000032034"
"GO:0031300","CC","GO:0031300","intrinsic component of organelle membrane",7,-0.657136529310955,-1.7328150096206,0.0289014523487852,0.0289014523487852,0.849747456923689,446,"tags=71%, list=8%, signal=66%","ENSMUSG00000027359/ENSMUSG00000020715/ENSMUSG00000037161/ENSMUSG00000024261/ENSMUSG00000063851"
"GO:0031301","CC","GO:0031301","integral component of organelle membrane",7,-0.657136529310955,-1.7328150096206,0.0289014523487852,0.0289014523487852,0.849747456923689,446,"tags=71%, list=8%, signal=66%","ENSMUSG00000027359/ENSMUSG00000020715/ENSMUSG00000037161/ENSMUSG00000024261/ENSMUSG00000063851"
"GO:0065008","BP","GO:0065008","regulation of biological quality",128,0.32848648000924,1.39136361526644,0.0299667036625971,0.0299667036625971,0.849747456923689,1352,"tags=36%, list=24%, signal=28%","ENSMUSG00000032034/ENSMUSG00000029026/ENSMUSG00000046500/ENSMUSG00000026147/ENSMUSG00000079243/ENSMUSG00000032265/ENSMUSG00000047953/ENSMUSG00000034460/ENSMUSG00000015134/ENSMUSG00000032776/ENSMUSG00000075707/ENSMUSG00000026987/ENSMUSG00000037416/ENSMUSG00000036480/ENSMUSG00000034997/ENSMUSG00000074625/ENSMUSG00000037188/ENSMUSG00000032360/ENSMUSG00000017652/ENSMUSG00000025515/ENSMUSG00000022512/ENSMUSG00000050164/ENSMUSG00000000263/ENSMUSG00000021732/ENSMUSG00000001627/ENSMUSG00000048096/ENSMUSG00000031684/ENSMUSG00000041324/ENSMUSG00000021055/ENSMUSG00000005892/ENSMUSG00000044317/ENSMUSG00000027204/ENSMUSG00000022144/ENSMUSG00000021337/ENSMUSG00000027225/ENSMUSG00000040152/ENSMUSG00000024553/ENSMUSG00000023945/ENSMUSG00000032860/ENSMUSG00000027068/ENSMUSG00000014813/ENSMUSG00000021647/ENSMUSG00000008932/ENSMUSG00000023951/ENSMUSG00000040482/ENSMUSG00000027859"
"GO:0030163","BP","GO:0030163","protein catabolic process",18,-0.452240101599305,-1.60939041619544,0.0300636326668008,0.0300636326668008,0.849747456923689,1374,"tags=50%, list=24%, signal=38%","ENSMUSG00000055116/ENSMUSG00000003541/ENSMUSG00000043556/ENSMUSG00000028680/ENSMUSG00000020227/ENSMUSG00000041560/ENSMUSG00000035692/ENSMUSG00000063760/ENSMUSG00000038451"
"GO:0051262","BP","GO:0051262","protein tetramerization",3,0.849033686186846,1.50711867551032,0.0302359041032734,0.0302359041032734,0.849747456923689,421,"tags=67%, list=7%, signal=62%","ENSMUSG00000029026/ENSMUSG00000015134"
"GO:0051402","BP","GO:0051402","neuron apoptotic process",18,0.545323043869139,1.61600679236759,0.030463800782244,0.030463800782244,0.849747456923689,1352,"tags=56%, list=24%, signal=42%","ENSMUSG00000029026/ENSMUSG00000079036/ENSMUSG00000034460/ENSMUSG00000021253/ENSMUSG00000075707/ENSMUSG00000026826/ENSMUSG00000021055/ENSMUSG00000022144/ENSMUSG00000023951/ENSMUSG00000027859"
"GO:0048870","BP","GO:0048870","cell motility",71,0.37407646985053,1.46558000637748,0.0312124849939976,0.0312124849939976,0.849747456923689,1583,"tags=45%, list=28%, signal=33%","ENSMUSG00000079036/ENSMUSG00000031074/ENSMUSG00000028661/ENSMUSG00000046500/ENSMUSG00000034460/ENSMUSG00000030022/ENSMUSG00000032243/ENSMUSG00000036480/ENSMUSG00000022893/ENSMUSG00000008855/ENSMUSG00000026826/ENSMUSG00000017652/ENSMUSG00000025515/ENSMUSG00000022512/ENSMUSG00000026109/ENSMUSG00000021732/ENSMUSG00000021743/ENSMUSG00000021055/ENSMUSG00000022144/ENSMUSG00000027225/ENSMUSG00000040152/ENSMUSG00000032860/ENSMUSG00000014813/ENSMUSG00000007805/ENSMUSG00000023951/ENSMUSG00000041112/ENSMUSG00000029576/ENSMUSG00000027238/ENSMUSG00000017144/ENSMUSG00000006445/ENSMUSG00000000555/ENSMUSG00000026814"
"GO:0051674","BP","GO:0051674","localization of cell",71,0.37407646985053,1.46558000637748,0.0312124849939976,0.0312124849939976,0.849747456923689,1583,"tags=45%, list=28%, signal=33%","ENSMUSG00000079036/ENSMUSG00000031074/ENSMUSG00000028661/ENSMUSG00000046500/ENSMUSG00000034460/ENSMUSG00000030022/ENSMUSG00000032243/ENSMUSG00000036480/ENSMUSG00000022893/ENSMUSG00000008855/ENSMUSG00000026826/ENSMUSG00000017652/ENSMUSG00000025515/ENSMUSG00000022512/ENSMUSG00000026109/ENSMUSG00000021732/ENSMUSG00000021743/ENSMUSG00000021055/ENSMUSG00000022144/ENSMUSG00000027225/ENSMUSG00000040152/ENSMUSG00000032860/ENSMUSG00000014813/ENSMUSG00000007805/ENSMUSG00000023951/ENSMUSG00000041112/ENSMUSG00000029576/ENSMUSG00000027238/ENSMUSG00000017144/ENSMUSG00000006445/ENSMUSG00000000555/ENSMUSG00000026814"
"GO:0030154","BP","GO:0030154","cell differentiation",158,0.322817042449866,1.3974588734687,0.0313513513513514,0.0313513513513514,0.849747456923689,1399,"tags=32%, list=25%, signal=24%","ENSMUSG00000029026/ENSMUSG00000079036/ENSMUSG00000031074/ENSMUSG00000053216/ENSMUSG00000037447/ENSMUSG00000028661/ENSMUSG00000060284/ENSMUSG00000040297/ENSMUSG00000079243/ENSMUSG00000034460/ENSMUSG00000048528/ENSMUSG00000019817/ENSMUSG00000030022/ENSMUSG00000021253/ENSMUSG00000064145/ENSMUSG00000071757/ENSMUSG00000075707/ENSMUSG00000029378/ENSMUSG00000022246/ENSMUSG00000032015/ENSMUSG00000022893/ENSMUSG00000027315/ENSMUSG00000033342/ENSMUSG00000034997/ENSMUSG00000021943/ENSMUSG00000008855/ENSMUSG00000026826/ENSMUSG00000031103/ENSMUSG00000025515/ENSMUSG00000022512/ENSMUSG00000026109/ENSMUSG00000021732/ENSMUSG00000001627/ENSMUSG00000048096/ENSMUSG00000021743/ENSMUSG00000041324/ENSMUSG00000021055/ENSMUSG00000044317/ENSMUSG00000027204/ENSMUSG00000022144/ENSMUSG00000066406/ENSMUSG00000032860/ENSMUSG00000014813/ENSMUSG00000021647/ENSMUSG00000007805/ENSMUSG00000023951/ENSMUSG00000027859/ENSMUSG00000027313/ENSMUSG00000045493/ENSMUSG00000036192"
"GO:0019867","CC","GO:0019867","outer membrane",4,-0.748466880475704,-1.58583650713515,0.0322047283883226,0.0322047283883226,0.849747456923689,733,"tags=100%, list=13%, signal=87%","ENSMUSG00000117975/ENSMUSG00000037161/ENSMUSG00000032487"
"GO:0031968","CC","GO:0031968","organelle outer membrane",4,-0.748466880475704,-1.58583650713515,0.0322047283883226,0.0322047283883226,0.849747456923689,733,"tags=100%, list=13%, signal=87%","ENSMUSG00000117975/ENSMUSG00000037161/ENSMUSG00000032487"
"GO:0048869","BP","GO:0048869","cellular developmental process",159,0.320288500714633,1.38698810619502,0.0324675324675325,0.0324675324675325,0.849747456923689,1399,"tags=31%, list=25%, signal=24%","ENSMUSG00000029026/ENSMUSG00000079036/ENSMUSG00000031074/ENSMUSG00000053216/ENSMUSG00000037447/ENSMUSG00000028661/ENSMUSG00000060284/ENSMUSG00000040297/ENSMUSG00000079243/ENSMUSG00000034460/ENSMUSG00000048528/ENSMUSG00000019817/ENSMUSG00000030022/ENSMUSG00000021253/ENSMUSG00000064145/ENSMUSG00000071757/ENSMUSG00000075707/ENSMUSG00000029378/ENSMUSG00000022246/ENSMUSG00000032015/ENSMUSG00000022893/ENSMUSG00000027315/ENSMUSG00000033342/ENSMUSG00000034997/ENSMUSG00000021943/ENSMUSG00000008855/ENSMUSG00000026826/ENSMUSG00000031103/ENSMUSG00000025515/ENSMUSG00000022512/ENSMUSG00000026109/ENSMUSG00000021732/ENSMUSG00000001627/ENSMUSG00000048096/ENSMUSG00000021743/ENSMUSG00000041324/ENSMUSG00000021055/ENSMUSG00000044317/ENSMUSG00000027204/ENSMUSG00000022144/ENSMUSG00000066406/ENSMUSG00000032860/ENSMUSG00000014813/ENSMUSG00000021647/ENSMUSG00000007805/ENSMUSG00000023951/ENSMUSG00000027859/ENSMUSG00000027313/ENSMUSG00000045493/ENSMUSG00000036192"
"GO:0048525","BP","GO:0048525","negative regulation of viral process",3,-0.818436736871795,-1.58103155317597,0.0330111225734505,0.0330111225734505,0.849747456923689,579,"tags=100%, list=10%, signal=90%","ENSMUSG00000044786/ENSMUSG00000035692"
"GO:0016477","BP","GO:0016477","cell migration",67,0.381762112908984,1.48949195159875,0.034647550776583,0.034647550776583,0.849747456923689,1583,"tags=46%, list=28%, signal=34%","ENSMUSG00000079036/ENSMUSG00000031074/ENSMUSG00000028661/ENSMUSG00000046500/ENSMUSG00000034460/ENSMUSG00000030022/ENSMUSG00000032243/ENSMUSG00000036480/ENSMUSG00000022893/ENSMUSG00000008855/ENSMUSG00000026826/ENSMUSG00000017652/ENSMUSG00000025515/ENSMUSG00000022512/ENSMUSG00000026109/ENSMUSG00000021732/ENSMUSG00000021743/ENSMUSG00000021055/ENSMUSG00000022144/ENSMUSG00000040152/ENSMUSG00000032860/ENSMUSG00000014813/ENSMUSG00000007805/ENSMUSG00000023951/ENSMUSG00000041112/ENSMUSG00000029576/ENSMUSG00000027238/ENSMUSG00000017144/ENSMUSG00000006445/ENSMUSG00000000555/ENSMUSG00000026814"
"GO:1901698","BP","GO:1901698","response to nitrogen compound",36,-0.328804337937977,-1.43398158979872,0.0359448937133787,0.0359448937133787,0.849747456923689,531,"tags=22%, list=9%, signal=20%","ENSMUSG00000020227/ENSMUSG00000025496/ENSMUSG00000037161/ENSMUSG00000037112/ENSMUSG00000028341/ENSMUSG00000037868/ENSMUSG00000063889/ENSMUSG00000045613"
"GO:0030282","BP","GO:0030282","bone mineralization",3,-0.808180183632539,-1.56121825109954,0.0362794485739028,0.0362794485739028,0.849747456923689,365,"tags=100%, list=6%, signal=94%","ENSMUSG00000035692/ENSMUSG00000032487"
"GO:0009653","BP","GO:0009653","anatomical structure morphogenesis",114,0.331314867523577,1.39049320897164,0.0369540873460246,0.0369540873460246,0.849747456923689,1596,"tags=39%, list=28%, signal=29%","ENSMUSG00000029026/ENSMUSG00000031074/ENSMUSG00000028661/ENSMUSG00000026147/ENSMUSG00000079243/ENSMUSG00000034460/ENSMUSG00000058159/ENSMUSG00000030022/ENSMUSG00000021253/ENSMUSG00000071757/ENSMUSG00000015134/ENSMUSG00000075707/ENSMUSG00000029378/ENSMUSG00000022893/ENSMUSG00000027315/ENSMUSG00000008855/ENSMUSG00000026826/ENSMUSG00000037188/ENSMUSG00000017652/ENSMUSG00000026109/ENSMUSG00000021732/ENSMUSG00000001627/ENSMUSG00000048096/ENSMUSG00000021743/ENSMUSG00000041324/ENSMUSG00000021055/ENSMUSG00000044317/ENSMUSG00000027204/ENSMUSG00000022144/ENSMUSG00000066406/ENSMUSG00000040152/ENSMUSG00000014813/ENSMUSG00000007805/ENSMUSG00000042961/ENSMUSG00000023951/ENSMUSG00000027859/ENSMUSG00000045493/ENSMUSG00000036192/ENSMUSG00000039462/ENSMUSG00000029576/ENSMUSG00000017144/ENSMUSG00000006445/ENSMUSG00000000555/ENSMUSG00000026814/ENSMUSG00000051136"
"GO:0016787","MF","GO:0016787","hydrolase activity",53,0.401161874728345,1.49221406397301,0.0374064837905237,0.0374064837905237,0.849747456923689,1783,"tags=51%, list=32%, signal=35%","ENSMUSG00000079036/ENSMUSG00000021228/ENSMUSG00000027977/ENSMUSG00000058626/ENSMUSG00000030402/ENSMUSG00000079343/ENSMUSG00000030022/ENSMUSG00000036480/ENSMUSG00000022893/ENSMUSG00000033342/ENSMUSG00000008855/ENSMUSG00000087236/ENSMUSG00000042540/ENSMUSG00000068587/ENSMUSG00000032908/ENSMUSG00000040706/ENSMUSG00000026564/ENSMUSG00000026354/ENSMUSG00000030214/ENSMUSG00000040482/ENSMUSG00000006179/ENSMUSG00000028255/ENSMUSG00000017144/ENSMUSG00000027115/ENSMUSG00000062028/ENSMUSG00000039899/ENSMUSG00000053846"
"GO:0016788","MF","GO:0016788","hydrolase activity, acting on ester bonds",19,0.536210039287648,1.59886583177407,0.0375722543352601,0.0375722543352601,0.849747456923689,1341,"tags=53%, list=24%, signal=40%","ENSMUSG00000079036/ENSMUSG00000021228/ENSMUSG00000027977/ENSMUSG00000030402/ENSMUSG00000033342/ENSMUSG00000042540/ENSMUSG00000032908/ENSMUSG00000026564/ENSMUSG00000030214/ENSMUSG00000040482"
"GO:0009897","CC","GO:0009897","external side of plasma membrane",14,0.576985762100181,1.59907897929724,0.037821482602118,0.037821482602118,0.849747456923689,65,"tags=14%, list=1%, signal=14%","ENSMUSG00000032034/ENSMUSG00000053216"
"GO:0019941","BP","GO:0019941","modification-dependent protein catabolic process",14,-0.479820847853243,-1.57162287561947,0.0379502353067584,0.0379502353067584,0.849747456923689,370,"tags=50%, list=7%, signal=47%","ENSMUSG00000055116/ENSMUSG00000043556/ENSMUSG00000028680/ENSMUSG00000041560/ENSMUSG00000035692/ENSMUSG00000063760/ENSMUSG00000038451"
"GO:0043632","BP","GO:0043632","modification-dependent macromolecule catabolic process",14,-0.479820847853243,-1.57162287561947,0.0379502353067584,0.0379502353067584,0.849747456923689,370,"tags=50%, list=7%, signal=47%","ENSMUSG00000055116/ENSMUSG00000043556/ENSMUSG00000028680/ENSMUSG00000041560/ENSMUSG00000035692/ENSMUSG00000063760/ENSMUSG00000038451"
"GO:0019787","MF","GO:0019787","ubiquitin-like protein transferase activity",11,-0.532583671521436,-1.63279156714561,0.0383447018666583,0.0383447018666583,0.849747456923689,415,"tags=36%, list=7%, signal=34%","ENSMUSG00000041180/ENSMUSG00000037868/ENSMUSG00000063851/ENSMUSG00000063760"
"GO:0043434","BP","GO:0043434","response to peptide hormone",11,-0.532222877888144,-1.63168544836386,0.0383447018666583,0.0383447018666583,0.849747456923689,335,"tags=36%, list=6%, signal=34%","ENSMUSG00000037161/ENSMUSG00000037112/ENSMUSG00000028341/ENSMUSG00000037868"
"GO:0031647","BP","GO:0031647","regulation of protein stability",3,-0.803026290353354,-1.55126211456632,0.038894115252114,0.038894115252114,0.849747456923689,370,"tags=100%, list=7%, signal=93%","ENSMUSG00000041560/ENSMUSG00000059898"
"GO:0099538","BP","GO:0099538","synaptic signaling via neuropeptide",3,-0.800264173726964,-1.54592634047025,0.038894115252114,0.038894115252114,0.849747456923689,338,"tags=100%, list=6%, signal=94%","ENSMUSG00000045573/ENSMUSG00000024261"
"GO:1901215","BP","GO:1901215","negative regulation of neuron death",15,0.568256347368971,1.6114213241493,0.0393281891806586,0.0393281891806586,0.849747456923689,1352,"tags=60%, list=24%, signal=46%","ENSMUSG00000029026/ENSMUSG00000079036/ENSMUSG00000034460/ENSMUSG00000021253/ENSMUSG00000026826/ENSMUSG00000021055/ENSMUSG00000022144/ENSMUSG00000023951/ENSMUSG00000027859"
"GO:0043603","BP","GO:0043603","cellular amide metabolic process",17,0.544739415750282,1.58066209064209,0.0395894428152493,0.0395894428152493,0.849747456923689,1381,"tags=53%, list=25%, signal=40%","ENSMUSG00000079036/ENSMUSG00000021228/ENSMUSG00000052544/ENSMUSG00000033849/ENSMUSG00000042540/ENSMUSG00000021263/ENSMUSG00000024172/ENSMUSG00000040152/ENSMUSG00000027313"
"GO:0043547","BP","GO:0043547","positive regulation of GTPase activity",8,0.642755428978284,1.53584920277155,0.0399361022364217,0.0399361022364217,0.849747456923689,2015,"tags=100%, list=36%, signal=64%","ENSMUSG00000042473/ENSMUSG00000037188/ENSMUSG00000029174/ENSMUSG00000017652/ENSMUSG00000006445/ENSMUSG00000024256/ENSMUSG00000038530/ENSMUSG00000026475"
"GO:0001649","BP","GO:0001649","osteoblast differentiation",12,0.59091677594806,1.57428101514861,0.0402476780185759,0.0402476780185759,0.849747456923689,1566,"tags=75%, list=28%, signal=54%","ENSMUSG00000060284/ENSMUSG00000040297/ENSMUSG00000029378/ENSMUSG00000021943/ENSMUSG00000008855/ENSMUSG00000007805/ENSMUSG00000023951/ENSMUSG00000036192/ENSMUSG00000006445"
"GO:0032535","BP","GO:0032535","regulation of cellular component size",10,0.622922329460239,1.5801707343794,0.0415335463258786,0.0415335463258786,0.849747456923689,1352,"tags=60%, list=24%, signal=46%","ENSMUSG00000029026/ENSMUSG00000074625/ENSMUSG00000001627/ENSMUSG00000048096/ENSMUSG00000023951/ENSMUSG00000027859"
"GO:0071901","BP","GO:0071901","negative regulation of protein serine/threonine kinase activity",8,0.640185080613089,1.5297074149164,0.0415335463258786,0.0415335463258786,0.849747456923689,256,"tags=25%, list=5%, signal=24%","ENSMUSG00000029026/ENSMUSG00000032601"
"GO:0032280","CC","GO:0032280","symmetric synapse",3,-0.79157192277985,-1.52913491066709,0.0421624543526914,0.0421624543526914,0.849747456923689,338,"tags=67%, list=6%, signal=63%","ENSMUSG00000045573/ENSMUSG00000045613"
"GO:0030029","BP","GO:0030029","actin filament-based process",31,0.457074949642156,1.53660058569795,0.0423280423280423,0.0423280423280423,0.849747456923689,1767,"tags=61%, list=31%, signal=42%","ENSMUSG00000032034/ENSMUSG00000079243/ENSMUSG00000034460/ENSMUSG00000021253/ENSMUSG00000074625/ENSMUSG00000037188/ENSMUSG00000026109/ENSMUSG00000021732/ENSMUSG00000048096/ENSMUSG00000066406/ENSMUSG00000014813/ENSMUSG00000031799/ENSMUSG00000041112/ENSMUSG00000031636/ENSMUSG00000027238/ENSMUSG00000017144/ENSMUSG00000051136/ENSMUSG00000038530/ENSMUSG00000054978"
"GO:0042391","BP","GO:0042391","regulation of membrane potential",17,0.536197216208086,1.5558753199465,0.0425219941348974,0.0425219941348974,0.849747456923689,196,"tags=18%, list=3%, signal=17%","ENSMUSG00000032034/ENSMUSG00000046500/ENSMUSG00000079243"
"GO:0043010","BP","GO:0043010","camera-type eye development",17,0.535385337957448,1.55351950515525,0.0425219941348974,0.0425219941348974,0.849747456923689,1566,"tags=71%, list=28%, signal=51%","ENSMUSG00000071757/ENSMUSG00000015134/ENSMUSG00000075707/ENSMUSG00000036480/ENSMUSG00000037188/ENSMUSG00000021732/ENSMUSG00000041324/ENSMUSG00000007805/ENSMUSG00000023951/ENSMUSG00000045493/ENSMUSG00000036192/ENSMUSG00000006445"
"GO:0000785","CC","GO:0000785","chromatin",16,0.545394722047322,1.56942306459516,0.043026706231454,0.043026706231454,0.849747456923689,941,"tags=31%, list=17%, signal=26%","ENSMUSG00000029026/ENSMUSG00000079036/ENSMUSG00000008855/ENSMUSG00000026826/ENSMUSG00000052565"
"GO:0031032","BP","GO:0031032","actomyosin structure organization",10,0.621104112632173,1.57555845306504,0.0431309904153355,0.0431309904153355,0.849747456923689,1145,"tags=60%, list=20%, signal=48%","ENSMUSG00000079243/ENSMUSG00000034460/ENSMUSG00000021253/ENSMUSG00000026109/ENSMUSG00000048096/ENSMUSG00000066406"
"GO:0042562","MF","GO:0042562","hormone binding",9,0.624145358547454,1.53200278590389,0.0441640378548896,0.0441640378548896,0.849747456923689,1596,"tags=78%, list=28%, signal=56%","ENSMUSG00000015134/ENSMUSG00000032360/ENSMUSG00000050164/ENSMUSG00000041324/ENSMUSG00000021055/ENSMUSG00000024553/ENSMUSG00000051136"
"GO:0043523","BP","GO:0043523","regulation of neuron apoptotic process",16,0.542985119089482,1.56248921227558,0.0445103857566766,0.0445103857566766,0.849747456923689,1352,"tags=56%, list=24%, signal=43%","ENSMUSG00000029026/ENSMUSG00000079036/ENSMUSG00000034460/ENSMUSG00000021253/ENSMUSG00000026826/ENSMUSG00000021055/ENSMUSG00000022144/ENSMUSG00000023951/ENSMUSG00000027859"
"GO:0052689","MF","GO:0052689","carboxylic ester hydrolase activity",6,0.702860424014329,1.55790509002153,0.0446280991735537,0.0446280991735537,0.849747456923689,730,"tags=50%, list=13%, signal=44%","ENSMUSG00000021228/ENSMUSG00000027977/ENSMUSG00000042540"
"GO:0110110","BP","GO:0110110","positive regulation of animal organ morphogenesis",6,0.702831042619987,1.5578399655356,0.0446280991735537,0.0446280991735537,0.849747456923689,1138,"tags=67%, list=20%, signal=53%","ENSMUSG00000031074/ENSMUSG00000034460/ENSMUSG00000021732/ENSMUSG00000022144"
"GO:0043524","BP","GO:0043524","negative regulation of neuron apoptotic process",13,0.574196826042038,1.54341216210769,0.044822256568779,0.044822256568779,0.849747456923689,660,"tags=38%, list=12%, signal=34%","ENSMUSG00000029026/ENSMUSG00000079036/ENSMUSG00000034460/ENSMUSG00000021253/ENSMUSG00000026826"
"GO:0031967","CC","GO:0031967","organelle envelope",15,-0.46081020141941,-1.52403831822467,0.0451516833091489,0.0451516833091489,0.849747456923689,733,"tags=40%, list=13%, signal=35%","ENSMUSG00000117975/ENSMUSG00000020715/ENSMUSG00000009876/ENSMUSG00000037161/ENSMUSG00000032487/ENSMUSG00000052504"
"GO:0031975","CC","GO:0031975","envelope",15,-0.46081020141941,-1.52403831822467,0.0451516833091489,0.0451516833091489,0.849747456923689,733,"tags=40%, list=13%, signal=35%","ENSMUSG00000117975/ENSMUSG00000020715/ENSMUSG00000009876/ENSMUSG00000037161/ENSMUSG00000032487/ENSMUSG00000052504"
"GO:1903305","BP","GO:1903305","regulation of regulated secretory pathway",8,-0.568415462256898,-1.55583356401441,0.0451841298154118,0.0451841298154118,0.849747456923689,490,"tags=50%, list=9%, signal=46%","ENSMUSG00000025496/ENSMUSG00000026241/ENSMUSG00000024261/ENSMUSG00000045613"
"GO:0002027","BP","GO:0002027","regulation of heart rate",7,0.674202635059447,1.55472869195787,0.0454015084960667,0.0454015084960667,0.849747456923689,2,"tags=14%, list=0%, signal=14%","ENSMUSG00000032034"
"GO:0007200","BP","GO:0007200","phospholipase C-activating G protein-coupled receptor signaling pathway",5,0.732779489906073,1.52680075948108,0.0456081081081081,0.0456081081081081,0.849747456923689,1231,"tags=80%, list=22%, signal=63%","ENSMUSG00000034997/ENSMUSG00000032360/ENSMUSG00000044317/ENSMUSG00000032860"
"GO:0061659","MF","GO:0061659","ubiquitin-like protein ligase activity",8,-0.56752010234865,-1.55338283723158,0.0459838282343795,0.0459838282343795,0.849747456923689,214,"tags=38%, list=4%, signal=36%","ENSMUSG00000037868/ENSMUSG00000063851/ENSMUSG00000063760"
"GO:0070997","BP","GO:0070997","neuron death",20,0.514548435210715,1.55078420424938,0.046242774566474,0.046242774566474,0.849747456923689,1352,"tags=50%, list=24%, signal=38%","ENSMUSG00000029026/ENSMUSG00000079036/ENSMUSG00000034460/ENSMUSG00000021253/ENSMUSG00000075707/ENSMUSG00000026826/ENSMUSG00000021055/ENSMUSG00000022144/ENSMUSG00000023951/ENSMUSG00000027859"
"GO:0022008","BP","GO:0022008","neurogenesis",59,0.382797002935727,1.45399393764494,0.0468557336621455,0.0468557336621455,0.849747456923689,1399,"tags=39%, list=25%, signal=30%","ENSMUSG00000029026/ENSMUSG00000079036/ENSMUSG00000028661/ENSMUSG00000034460/ENSMUSG00000071757/ENSMUSG00000075707/ENSMUSG00000029378/ENSMUSG00000022893/ENSMUSG00000027315/ENSMUSG00000033342/ENSMUSG00000026826/ENSMUSG00000021732/ENSMUSG00000001627/ENSMUSG00000021743/ENSMUSG00000041324/ENSMUSG00000021055/ENSMUSG00000022144/ENSMUSG00000032860/ENSMUSG00000023951/ENSMUSG00000027859/ENSMUSG00000027313/ENSMUSG00000045493/ENSMUSG00000036192"
"GO:0010927","BP","GO:0010927","cellular component assembly involved in morphogenesis",5,0.727820317320568,1.51646795326277,0.0472972972972973,0.0472972972972973,0.849747456923689,1145,"tags=80%, list=20%, signal=64%","ENSMUSG00000079243/ENSMUSG00000034460/ENSMUSG00000048096/ENSMUSG00000066406"
"GO:0030239","BP","GO:0030239","myofibril assembly",5,0.727820317320568,1.51646795326277,0.0472972972972973,0.0472972972972973,0.849747456923689,1145,"tags=80%, list=20%, signal=64%","ENSMUSG00000079243/ENSMUSG00000034460/ENSMUSG00000048096/ENSMUSG00000066406"
"GO:0051781","BP","GO:0051781","positive regulation of cell division",5,0.728252199522756,1.5173678120653,0.0472972972972973,0.0472972972972973,0.849747456923689,393,"tags=40%, list=7%, signal=37%","ENSMUSG00000031074/ENSMUSG00000021253"
"GO:0055002","BP","GO:0055002","striated muscle cell development",5,0.727820317320568,1.51646795326277,0.0472972972972973,0.0472972972972973,0.849747456923689,1145,"tags=80%, list=20%, signal=64%","ENSMUSG00000079243/ENSMUSG00000034460/ENSMUSG00000048096/ENSMUSG00000066406"
"GO:0005249","MF","GO:0005249","voltage-gated potassium channel activity",3,0.838539736953571,1.48849087884379,0.0479704797047971,0.0479704797047971,0.849747456923689,2,"tags=33%, list=0%, signal=33%","ENSMUSG00000032034"
"GO:0008076","CC","GO:0008076","voltage-gated potassium channel complex",3,0.838539736953571,1.48849087884379,0.0479704797047971,0.0479704797047971,0.849747456923689,2,"tags=33%, list=0%, signal=33%","ENSMUSG00000032034"
"GO:0034703","CC","GO:0034703","cation channel complex",3,0.838539736953571,1.48849087884379,0.0479704797047971,0.0479704797047971,0.849747456923689,2,"tags=33%, list=0%, signal=33%","ENSMUSG00000032034"
"GO:0034705","CC","GO:0034705","potassium channel complex",3,0.838539736953571,1.48849087884379,0.0479704797047971,0.0479704797047971,0.849747456923689,2,"tags=33%, list=0%, signal=33%","ENSMUSG00000032034"
"GO:0045667","BP","GO:0045667","regulation of osteoblast differentiation",9,0.621277701665278,1.52496394747892,0.0488958990536278,0.0488958990536278,0.849747456923689,1399,"tags=78%, list=25%, signal=59%","ENSMUSG00000040297/ENSMUSG00000029378/ENSMUSG00000021943/ENSMUSG00000008855/ENSMUSG00000007805/ENSMUSG00000023951/ENSMUSG00000036192"
"GO:0003401","BP","GO:0003401","axis elongation",3,0.835497065623333,1.48308983662385,0.0498154981549815,0.0498154981549815,0.849747456923689,928,"tags=100%, list=16%, signal=84%","ENSMUSG00000034460/ENSMUSG00000029378/ENSMUSG00000021732"
"GO:0009311","BP","GO:0009311","oligosaccharide metabolic process",3,0.831051040369909,1.4751977025422,0.0498154981549815,0.0498154981549815,0.849747456923689,953,"tags=100%, list=17%, signal=83%","ENSMUSG00000052544/ENSMUSG00000033849/ENSMUSG00000024172"
"GO:0016202","BP","GO:0016202","regulation of striated muscle tissue development",3,0.826146743178274,1.46649209049404,0.0498154981549815,0.0498154981549815,0.849747456923689,610,"tags=67%, list=11%, signal=59%","ENSMUSG00000031074/ENSMUSG00000008855"
"GO:0045843","BP","GO:0045843","negative regulation of striated muscle tissue development",3,0.826146743178274,1.46649209049404,0.0498154981549815,0.0498154981549815,0.849747456923689,610,"tags=67%, list=11%, signal=59%","ENSMUSG00000031074/ENSMUSG00000008855"
"GO:0048634","BP","GO:0048634","regulation of muscle organ development",3,0.826146743178274,1.46649209049404,0.0498154981549815,0.0498154981549815,0.849747456923689,610,"tags=67%, list=11%, signal=59%","ENSMUSG00000031074/ENSMUSG00000008855"
"GO:0048635","BP","GO:0048635","negative regulation of muscle organ development",3,0.826146743178274,1.46649209049404,0.0498154981549815,0.0498154981549815,0.849747456923689,610,"tags=67%, list=11%, signal=59%","ENSMUSG00000031074/ENSMUSG00000008855"
"GO:0060602","BP","GO:0060602","branch elongation of an epithelium",3,0.835497065623333,1.48308983662385,0.0498154981549815,0.0498154981549815,0.849747456923689,928,"tags=100%, list=16%, signal=84%","ENSMUSG00000034460/ENSMUSG00000029378/ENSMUSG00000021732"
"GO:1901861","BP","GO:1901861","regulation of muscle tissue development",3,0.826146743178274,1.46649209049404,0.0498154981549815,0.0498154981549815,0.849747456923689,610,"tags=67%, list=11%, signal=59%","ENSMUSG00000031074/ENSMUSG00000008855"
"GO:1901862","BP","GO:1901862","negative regulation of muscle tissue development",3,0.826146743178274,1.46649209049404,0.0498154981549815,0.0498154981549815,0.849747456923689,610,"tags=67%, list=11%, signal=59%","ENSMUSG00000031074/ENSMUSG00000008855"
